name,slug,pay,license
Abernathy,per-diem-abernathy-tx,24.53,cna med surg
Abilene,per-diem-abilene-tx,23.77,cna med surg
Abingdon,per-diem-abingdon-va,24.08,cna med surg
Absecon,per-diem-absecon-nj,25.93,cna med surg
Addison,per-diem-addison-tx,24.08,cna med surg
Affton,per-diem-affton-mo,25.61,cna med surg
Aiken,per-diem-aiken-sc,22.23,cna med surg
Akron,per-diem-akron-co,24.08,cna med surg
Akron,per-diem-akron-oh,25.56,cna med surg
Alachua,per-diem-alachua-fl,24.08,cna med surg
Alafaya,per-diem-alafaya-fl,25.65,cna med surg
Alamo,per-diem-alamo-tx,24.01,cna med surg
Alamosa,per-diem-alamosa-co,23.77,cna med surg
Albany,per-diem-albany-ny,25.61,cna med surg
Albany GA,per-diem-albany-ga,26.00,cna med surg
Albany OR,per-diem-albany-or,23.24,cna med surg
Albany TX,per-diem-albany-tx,24.08,cna med surg
Albia,per-diem-albia-ia,23.77,cna med surg
Albuquerque,per-diem-albuquerque-nm,24.53,cna med surg
Alexander City,per-diem-alexander-city-al,23.55,cna med surg
Alexandria LA,per-diem-alexandria-la,24.53,cna med surg
Alhambra,per-diem-alhambra-ca,24.53,cna med surg
Alice,per-diem-alice-tx,25.55,cna med surg
Allen,per-diem-allen-tx,24.08,cna med surg
Allentown,per-diem-allentown-pa,25.32,cna med surg
Alliance,per-diem-alliance-oh,25.03,cna med surg
Alpharetta,per-diem-alpharetta-ga,25.45,cna med surg
Alpine,per-diem-alpine-tx,24.53,cna med surg
Alpine,per-diem-alpine-ut,23.77,cna med surg
Altamonte Springs,per-diem-altamonte-springs-fl,24.53,cna med surg
Alto,per-diem-alto-tx,24.08,cna med surg
Altoona,per-diem-altoona-pa,25.64,cna med surg
Altoona IA,per-diem-altoona-ia,25.67,cna med surg
Alvin,per-diem-alvin-tx,24.08,cna med surg
Alvord,per-diem-alvord-tx,24.08,cna med surg
Amarillo,per-diem-amarillo-tx,24.08,cna med surg
American Fork,per-diem-american-fork-ut,24.08,cna med surg
Ames,per-diem-ames-ia,24.01,cna med surg
Amherst,per-diem-amherst-8-va,23.77,cna med surg
Ammon ID,per-diem-ammon-id,24.08,cna med surg
Anaconda,per-diem-anaconda-mt,24.53,cna med surg
Anaheim,per-diem-anaheim-ca,23.77,cna med surg
Anahuac,per-diem-anahuac-tx,23.77,cna med surg
Anchorage,per-diem-anchorage-ak,23.55,cna med surg
Anderson,per-diem-anderson-in,25.00,cna med surg
Anderson,per-diem-anderson-sc,25.61,cna med surg
Andover,per-diem-andover-mn,26.11,cna med surg
Andrews,per-diem-andrews-tx,24.53,cna med surg
Angleton,per-diem-angleton-tx,25.55,cna med surg
Ankeny,per-diem-ankeny-ia,26.11,cna med surg
Annapolis,per-diem-annapolis-md-8488b,25.61,cna med surg
Apollo Beach,per-diem-apollo-beach-fl,24.08,cna med surg
Apopka,per-diem-apopka-fl,24.01,cna med surg
Aransas Pass,per-diem-aransas-pass-tx,23.77,cna med surg
Arcadia,per-diem-arcadia-fl,24.53,cna med surg
Arcata,per-diem-arcata-ca,23.77,cna med surg
Archer,per-diem-archer-fl,24.08,cna med surg
Arco,per-diem-arco-id,22.23,cna med surg
Arizona City,per-diem-arizona-city-az,24.08,cna med surg
Arlington,per-diem-arlington-tx,24.08,cna med surg
Arlington Heights,per-diem-arlington-heights-il,25.64,cna med surg
Arlington VA,per-diem-arlington-va,25.56,cna med surg
Ashburn,per-diem-ashburn-va,24.08,cna med surg
Ashland City,per-diem-ashland-city-tn,25.68,cna med surg
Athens,per-diem-athens-tx,25.55,cna med surg
Atlanta Buckhead,per-diem-atlanta-buckhead-ga,25.54,cna med surg
Atlanta GA,per-diem-atlanta-ga,25.68,cna med surg
Atlantic Beach,per-diem-atlantic-beach-fl,23.77,cna med surg
Atlantic City,per-diem-atlantic-city-nj,25.99,cna med surg
Auburn,per-diem-auburn-me,25.61,cna med surg
Auburn IN,per-diem-auburn-in,24.53,cna med surg
Auburndale,per-diem-auburndale-fl,24.01,cna med surg
Augusta,per-diem-augusta-ga,25.30,cna med surg
Aurora,per-diem-aurora-co,24.53,cna med surg
Aurora,per-diem-aurora-il,25.67,cna med surg
Austin,per-diem-austin-tx,24.08,cna med surg
Austintown,per-diem-austintown-oh,25.03,cna med surg
Ave Maria,per-diem-ave-maria-fl,24.08,cna med surg
Aventura,per-diem-aventura-fl,22.23,cna med surg
Avon,per-diem-avon-oh,25.03,cna med surg
Avon CT,per-diem-avon-ct,25.56,cna med surg
Avon Park,per-diem-avon-park-fl,24.08,cna med surg
Avondale AZ,per-diem-avondale-az,24.01,cna med surg
Avondale CO,per-diem-avondale-co,23.77,cna med surg
Azle,per-diem-azle-tx,24.08,cna med surg
Bacliff,per-diem-bacliff-tx,23.77,cna med surg
Balch Springs,per-diem-balch-springs-tx,24.53,cna med surg
Baltimore,per-diem-baltimore-md-52160,25.37,cna med surg
Baltimore MD,per-diem-baltimore-md,23.77,cna med surg
Bandera,per-diem-bandera-tx,24.08,cna med surg
Bangor,per-diem-bangor-me,24.53,cna med surg
Barberton,per-diem-barberton-oh,25.95,cna med surg
Bardstown,per-diem-bardstown-ky,24.53,cna med surg
Bartlett,per-diem-bartlett-tn,25.99,cna med surg
Bartow,per-diem-bartow-fl,24.53,cna med surg
Bastrop,per-diem-bastrop-tx,24.08,cna med surg
Baton Rouge,per-diem-baton-rouge-la,24.08,cna med surg
Battle Ground,per-diem-battle-ground-wa,24.08,cna med surg
Bay City TX,per-diem-bay-city-tx,23.24,cna med surg
Bayou Cane,per-diem-bayou-cane-la,25.25,cna med surg
Baytown,per-diem-baytown-tx,23.77,cna med surg
Bayville,per-diem-bayville-nj,25.37,cna med surg
Beatty,per-diem-beatty-nv,24.53,cna med surg
Beaumont,per-diem-beaumont-tx,23.77,cna med surg
Beaverton,per-diem-beaverton-or,23.55,cna med surg
Bedford TX,per-diem-bedford-tx,24.53,cna med surg
Bee Cave,per-diem-bee-cave-tx,24.08,cna med surg
Beecher,per-diem-beecher-il,23.77,cna med surg
Beeville,per-diem-beeville-tx,24.08,cna med surg
Belgrade,per-diem-belgrade-mt,25.65,cna med surg
Bell,per-diem-bell-ca,24.17,cna med surg
Bell,per-diem-bell-fl,24.53,cna med surg
Bellaire,per-diem-bellaire-tx,23.77,cna med surg
Belle Glade,per-diem-belle-glade-fl,24.53,cna med surg
Belleair,per-diem-belleair-fl,24.08,cna med surg
Belleville,per-diem-belleville-il-4ef76,23.77,cna med surg
Belleville,per-diem-belleville-ks,24.53,cna med surg
Bellevue WA,per-diem-bellevue-wa,24.08,cna med surg
Bellflower,per-diem-bellflower-ca,22.23,cna med surg
Bellmead,per-diem-bellmead-tx,23.77,cna med surg
Belton MO,per-diem-belton-mo,24.01,cna med surg
Belton TX,per-diem-belton-tx,23.77,cna med surg
Benbrook,per-diem-benbrook-tx,24.08,cna med surg
Bensalem,per-diem-bensalem-pa,25.99,cna med surg
Bertram,per-diem-bertram-tx,24.53,cna med surg
Bethany,per-diem-bethany-ok,23.77,cna med surg
Bethel Park,per-diem-bethel-park-pa,25.96,cna med surg
Bethesda MD,per-diem-bethesda-md,25.55,cna med surg
Bethlehem,per-diem-bethlehem-pa,24.08,cna med surg
Bethlehem West Side,per-diem-bethlehem-west-side-pa,25.32,cna med surg
Bettendorf IA,per-diem-bettendorf-ia,23.77,cna med surg
Beverly Hills,per-diem-beverly-hills-fl,24.08,cna med surg
Big Bear,per-diem-big-bear-ca,24.01,cna med surg
Big Lake,per-diem-big-lake-tx,23.77,cna med surg
Billings,per-diem-billings-mt,24.01,cna med surg
Biloxi,per-diem-biloxi-ms,25.32,cna med surg
Birmingham,per-diem-birmingham-al,24.08,cna med surg
Biscoe,per-diem-biscoe-nc,28.04,cna med surg
Bloomington,per-diem-bloomington-in,25.47,cna med surg
Bloomington,per-diem-bloomington-mn,26.10,cna med surg
Bloomsburg,per-diem-bloomsburg-pa,23.24,cna med surg
Blountstown,per-diem-blountstown-fl,24.08,cna med surg
Blowing Rock,per-diem-blowing-rock-nc,22.54,cna med surg
Blue Springs,per-diem-blue-springs-mo,25.84,cna med surg
Boca Raton,per-diem-boca-raton-fl,23.77,cna med surg
Boerne,per-diem-boerne-tx,23.77,cna med surg
Bogata,per-diem-bogata-tx,23.55,cna med surg
Boise ID,per-diem-boise-id,24.53,cna med surg
Bonifay,per-diem-bonifay-fl,25.55,cna med surg
Bonita Springs,per-diem-bonita-springs-fl,24.08,cna med surg
Boone NC,per-diem-boone-nc,24.53,cna med surg
Borger,per-diem-borger-tx,24.53,cna med surg
Boston,per-diem-boston-ma,23.77,cna med surg
Bothell,per-diem-bothell-wa,25.65,cna med surg
Bowie,per-diem-bowie-md,26.00,cna med surg
Bowling Green,per-diem-bowling-green-ky,24.53,cna med surg
Bozeman MT,per-diem-bozeman-mt,24.08,cna med surg
Branford,per-diem-branford-fl,23.77,cna med surg
Bremerton,per-diem-bremerton-wa,25.03,cna med surg
Bridgeport,per-diem-bridgeport-ct,25.95,cna med surg
Bridgeport TX,per-diem-bridgeport-tx,24.53,cna med surg
Bridgeton,per-diem-bridgeton-nj,24.39,cna med surg
Brighton CO,per-diem-brighton-co,24.53,cna med surg
Broken Arrow,per-diem-broken-arrow-ok,23.77,cna med surg
Brookhaven,per-diem-brookhaven-ga,25.48,cna med surg
Brooklyn,per-diem-brooklyn-ct,25.47,cna med surg
Brooklyn Center,per-diem-brooklyn-center-mn,25.61,cna med surg
Brooklyn Park,per-diem-brooklyn-park-mn,25.85,cna med surg
Brunswick,per-diem-brunswick-me,26.11,cna med surg
Brunswick,per-diem-brunswick-mo,25.67,cna med surg
Bryn Athyn Huntingdon Valley,per-diem-bryn-athyn-huntingdon-valley-pa,25.45,cna med surg
Buenaventura Lakes,per-diem-buenaventura-lakes-fl,25.36,cna med surg
Buffalo,per-diem-buffalo-ny,25.45,cna med surg
Burien,per-diem-burien-wa,25.61,cna med surg
Burkburnett,per-diem-burkburnett-tx,24.53,cna med surg
Burke,per-diem-burke-va,25.00,cna med surg
Burlington IA,per-diem-burlington-ia,25.47,cna med surg
Butte MT,per-diem-butte-mt,24.53,cna med surg
Campbell,per-diem-campbell-ca,24.01,cna med surg
Canton,per-diem-canton-oh,26.13,cna med surg
Canton GA,per-diem-canton-ga,25.35,cna med surg
Cape Girardeau,per-diem-cape-girardeau-mo,25.65,cna med surg
Cape May,per-diem-cape-may-nj,25.87,cna med surg
Carmel,per-diem-carmel-in,23.77,cna med surg
Carolina Forest,per-diem-carolina-forest-sc,25.85,cna med surg
Casselberry,per-diem-casselberry-fl,24.08,cna med surg
Catonsville,per-diem-catonsville-md-3cb4d,26.13,cna med surg
Cedar Rapids,per-diem-cedar-rapids-ia,24.53,cna med surg
Cedar Rapids Oakhill Jackson,per-diem-cedar-rapids-oakhill-jackson-ia,24.78,cna med surg
Centerville OH,per-diem-centerville-oh,25.61,cna med surg
Centreville,per-diem-centreville-va,25.54,cna med surg
Chalmette,per-diem-chalmette-la,25.74,cna med surg
Champaign,per-diem-champaign-il,25.41,cna med surg
Chandler,per-diem-chandler-az,23.77,cna med surg
Charleston,per-diem-charleston-sc,24.08,cna med surg
Charlotte Myers Park,per-diem-charlotte-myers-park-nc,25.74,cna med surg
Charlotte NC,per-diem-charlotte-nc,24.01,cna med surg
Charlotte Plaza-Shamrock,per-diem-charlotte-plaza-shamrock-nc,25.85,cna med surg
Charlottesville,per-diem-charlottesville-va,25.65,cna med surg
Chattanooga,per-diem-chattanooga-tn,24.08,cna med surg
Cheektowaga,per-diem-cheektowaga-ny,25.61,cna med surg
Cheney,per-diem-cheney-ks,25.35,cna med surg
Chesapeake,per-diem-chesapeake-va,26.18,cna med surg
Chester City,per-diem-chester-city-pa,25.93,cna med surg
Chesterville,per-diem-chesterville-oh,25.20,cna med surg
Chicago Heights IL,per-diem-chicago-heights-il,24.53,cna med surg
Chicago IL,per-diem-chicago-il,23.77,cna med surg
Chicago Portage Park,per-diem-chicago-portage-park-il,24.05,cna med surg
Chicago Ridge,per-diem-chicago-ridge-il,23.59,cna med surg
Chicago Rogers Park,per-diem-chicago-rogers-park-il,23.63,cna med surg
Chipley,per-diem-chipley-fl,24.53,cna med surg
Clancy,per-diem-clancy-mt,24.69,cna med surg
Clarksville,per-diem-clarksville-tn,25.95,cna med surg
Cleveland Heights,per-diem-cleveland-heights-oh,25.22,cna med surg
Cleveland OH,per-diem-cleveland-oh,23.77,cna med surg
Clifton NJ,per-diem-clifton-nj,24.08,cna med surg
Clinton,per-diem-clinton-md-493bd,25.43,cna med surg
Clinton IA,per-diem-clinton-ia,25.41,cna med surg
Colonie town,per-diem-colonie-town-ny,25.75,cna med surg
Colorado Springs,per-diem-colorado-springs-co,24.08,cna med surg
Columbia,per-diem-columbia-sc,25.83,cna med surg
Columbia Falls,per-diem-columbia-falls-mt,25.95,cna med surg
Columbia Midtown - Downtown,per-diem-columbia-midtown-downtown-sc,24.95,cna med surg
Columbia MO,per-diem-columbia-mo,24.53,cna med surg
Columbus GA,per-diem-columbus-ga,25.40,cna med surg
Columbus OH,per-diem-columbus-oh,24.08,cna med surg
Concord,per-diem-concord-nc,25.22,cna med surg
Conway,per-diem-conway-sc,25.03,cna med surg
Copperas Cove,per-diem-copperas-cove-tx,24.01,cna med surg
Coralville,per-diem-coralville-ia,25.38,cna med surg
Cornelius,per-diem-cornelius-nc,23.02,cna med surg
Corpus Christi Central City,per-diem-corpus-christi-central-city-tx,25.95,cna med surg
Country Club,per-diem-country-club-fl,25.23,cna med surg
Covington,per-diem-covington-ky,25.68,cna med surg
Craig,per-diem-craig-co,24.08,cna med surg
Crestview,per-diem-crestview-fl,23.77,cna med surg
Crete,per-diem-crete-il,25.56,cna med surg
Cromwell,per-diem-cromwell-ct,23.24,cna med surg
Dahlonega,per-diem-dahlonega-ga,23.77,cna med surg
Dallas,per-diem-dallas-tx,24.08,cna med surg
Dalton,per-diem-dalton-ga,25.57,cna med surg
Danbury,per-diem-danbury-ct,25.56,cna med surg
Danville,per-diem-danville-va,25.68,cna med surg
Davenport IA,per-diem-davenport-ia,25.61,cna med surg
Decatur IL,per-diem-decatur-il,24.53,cna med surg
Deerfield Beach,per-diem-deerfield-beach-fl,23.77,cna med surg
Deland,per-diem-deland-fl,24.53,cna med surg
Delaware,per-diem-delaware-oh,25.40,cna med surg
Denver CO,per-diem-denver-co,27.46,cna med surg
Derby,per-diem-derby-ks,25.68,cna med surg
Des Moines,per-diem-des-moines-ia,25.56,cna med surg
Des Moines Downtown Des Moines,per-diem-des-moines-downtown-des-moines-ia,23.71,cna med surg
Detroit,per-diem-detroit-mi,23.77,cna med surg
Diboll,per-diem-diboll-tx,23.77,cna med surg
Dodge City,per-diem-dodge-city-ks,25.74,cna med surg
Douglasville,per-diem-douglasville-ga,25.66,cna med surg
Dover,per-diem-dover-de,25.78,cna med surg
Downington,per-diem-downington-pa,26.10,cna med surg
Drew,per-diem-drew-ms,24.08,cna med surg
Duluth,per-diem-duluth-ga,25.85,cna med surg
Duluth,per-diem-duluth-mn,25.20,cna med surg
Dumas,per-diem-dumas-tx,23.77,cna med surg
Dunlap,per-diem-dunlap-ia,23.55,cna med surg
Dunwoody,per-diem-dunwoody-ga,25.20,cna med surg
Durham NC,per-diem-durham-nc,24.08,cna med surg
Eagle Mountain,per-diem-eagle-mountain-ut,25.50,cna med surg
East Hartford,per-diem-east-hartford-ct,25.23,cna med surg
East Lake,per-diem-east-lake-fl,25.10,cna med surg
East Point,per-diem-east-point-ga,26.10,cna med surg
Easton,per-diem-easton-ks,24.95,cna med surg
Edmond,per-diem-edmond-ok,23.77,cna med surg
Edna,per-diem-edna-tx,24.53,cna med surg
Egg Harbor Township,per-diem-egg-harbor-township-nj,25.45,cna med surg
Egypt Lake-Leto,per-diem-egypt-lake-leto-fl,25.61,cna med surg
El Cerrito,per-diem-el-cerrito-ca,25.95,cna med surg
El Paso,per-diem-el-paso-tx,24.08,cna med surg
El Paso West Central El Paso,per-diem-el-paso-west-central-el-paso-tx,25.83,cna med surg
Elbert,per-diem-elbert-co,25.94,cna med surg
Elgin TX,per-diem-elgin-5-tx,24.08,cna med surg
Elizabethtown,per-diem-elizabethtown-ky,25.54,cna med surg
Ellicott City,per-diem-ellicott-city-md-9b50f,25.57,cna med surg
Emporia,per-diem-emporia-ks,25.03,cna med surg
Enfield,per-diem-enfield-ct,23.63,cna med surg
Englishtown,per-diem-englishtown-nj,25.03,cna med surg
Enterprise,per-diem-enterprise-nv,25.83,cna med surg
Erie,per-diem-erie-pa,25.85,cna med surg
Erlanger,per-diem-erlanger-ky,25.95,cna med surg
Estes Park,per-diem-estes-park-co,24.08,cna med surg
Eugene,per-diem-eugene-or,25.56,cna med surg
Evans GA,per-diem-evans-ga,25.37,cna med surg
Evanston,per-diem-evanston-il,25.77,cna med surg
Evansville,per-diem-evansville-in,25.85,cna med surg
Fairborn,per-diem-fairborn-oh,25.75,cna med surg
Fairfield ME,per-diem-fairfield-me,24.08,cna med surg
Fargo,per-diem-fargo-nd,24.53,cna med surg
Farmington UT,per-diem-farmington-ut,23.55,cna med surg
Fayetteville,per-diem-fayetteville-ar,26.18,cna med surg
Fayetteville,per-diem-fayetteville-nc,25.40,cna med surg
Ferndale,per-diem-ferndale-wa,24.69,cna med surg
Ferry Pass,per-diem-ferry-pass-fl,25.99,cna med surg
Findlay,per-diem-findlay-oh,25.68,cna med surg
Fishers,per-diem-fishers-in,25.95,cna med surg
Florence,per-diem-florence-ky,25.44,cna med surg
Florissant,per-diem-florissant-mo,25.95,cna med surg
Forney,per-diem-forney-tx,24.53,cna med surg
Fort Collins,per-diem-fort-collins-co,24.08,cna med surg
Fort Myers The Forum,per-diem-fort-myers-the-forum-fl,24.69,cna med surg
Fort Smith,per-diem-fort-smith-ar,24.08,cna med surg
Fort Wayne,per-diem-fort-wayne-in,23.77,cna med surg
Fort Worth,per-diem-fort-worth-tx,24.08,cna med surg
Fountain Inn,per-diem-fountain-inn-sc,26.11,cna med surg
Fountain Valley,per-diem-fountain-valley-ca,24.08,cna med surg
Four Corners,per-diem-four-corners-fl,25.92,cna med surg
Fowler,per-diem-fowler-co,25.56,cna med surg
Frankfort KS,per-diem-frankfort-ks,24.01,cna med surg
Frederick,per-diem-frederick-md-3e473,25.40,cna med surg
Frederick CO,per-diem-frederick-co,24.53,cna med surg
Frederick MD,per-diem-frederick-md,23.77,cna med surg
Fresno CA,per-diem-fresno-ca,24.53,cna med surg
Fruit Cove,per-diem-fruit-cove-fl,25.83,cna med surg
Gainesville GA,per-diem-gainesville-ga,25.43,cna med surg
Gaithersburg,per-diem-gaithersburg-md,25.48,cna med surg
Garden City,per-diem-garden-city-ks,25.44,cna med surg
Gardner,per-diem-gardner-ks,25.85,cna med surg
Garfield Heights,per-diem-garfield-heights-oh,25.23,cna med surg
Georgetown,per-diem-georgetown-de,25.74,cna med surg
Georgetown,per-diem-georgetown-ky,25.74,cna med surg
Gilbert Gilbert Medical Center,per-diem-gilbert-gilbert-medical-center-az,26.10,cna med surg
Gladewater,per-diem-gladewater-tx,24.08,cna med surg
Glastonbury,per-diem-glastonbury-ct,25.25,cna med surg
Glen Burnie,per-diem-glen-burnie-md-eefc5,25.35,cna med surg
Glendale AZ,per-diem-glendale-az,24.01,cna med surg
Golden Glades,per-diem-golden-glades-fl,25.84,cna med surg
Goliad,per-diem-goliad-tx,24.53,cna med surg
Grand Junction CO,per-diem-grand-junction-co,24.01,cna med surg
Grand Rapids MI,per-diem-grand-rapids-mi,24.08,cna med surg
Grandview,per-diem-grandview-mo,25.32,cna med surg
Great Falls,per-diem-great-falls-mt,23.55,cna med surg
Greenville,per-diem-greenville-ms,26.18,cna med surg
Greenwood Village,per-diem-greenwood-village-co,24.08,cna med surg
Gresham,per-diem-gresham-or,24.08,cna med surg
Grove City,per-diem-grove-city-oh,26.10,cna med surg
Guilford,per-diem-guilford-ct,23.77,cna med surg
Gulfport,per-diem-gulfport-fl,24.53,cna med surg
Gulfport,per-diem-gulfport-ms,25.43,cna med surg
Gun Barrel City,per-diem-gun-barrel-city-tx,23.77,cna med surg
Hagerman,per-diem-hagerman-id,24.08,cna med surg
Hagerstown,per-diem-hagerstown-md-7ac46,25.87,cna med surg
Haines City,per-diem-haines-city-fl,24.53,cna med surg
Hallandale,per-diem-hallandale-fl,24.53,cna med surg
Hamburg,per-diem-hamburg-town-ny,26.10,cna med surg
Hamilton,per-diem-hamilton-oh,25.41,cna med surg
Hammond,per-diem-hammond-in,25.54,cna med surg
Hampden,per-diem-hampden-pa,25.67,cna med surg
Hampton,per-diem-hampton-va,25.65,cna med surg
Harrah,per-diem-harrah-ok,23.77,cna med surg
Harrisburg,per-diem-harrisburg-pa,25.64,cna med surg
Harrisonburg,per-diem-harrisonburg-va,25.74,cna med surg
Hartford,per-diem-hartford-ct,23.77,cna med surg
Hattiesburg,per-diem-hattiesburg-ms,25.55,cna med surg
Haverford,per-diem-haverford-pa,25.57,cna med surg
Hayward,per-diem-hayward-ca,23.77,cna med surg
Hazelwood,per-diem-hazelwood-mo,25.65,cna med surg
Hazleton,per-diem-hazleton-pa,25.22,cna med surg
Henderson NV,per-diem-henderson-nv,23.55,cna med surg
High Point,per-diem-high-point-nc,25.48,cna med surg
Hillsboro OR,per-diem-hillsboro-or,24.08,cna med surg
Hilton Head Island,per-diem-hilton-head-island-sc,25.10,cna med surg
Hinesville,per-diem-hinesville-ga,26.18,cna med surg
Hoffman Estates,per-diem-hoffman-estates-il,25.65,cna med surg
Holland,per-diem-holland-oh,25.68,cna med surg
Hollywood,per-diem-hollywood-fl,25.55,cna med surg
Honolulu,per-diem-honolulu-hi,24.01,cna med surg
Hope,per-diem-hope-nj,25.43,cna med surg
Horn Lake,per-diem-horn-lake-ms,25.99,cna med surg
Horsham,per-diem-horsham-pa,25.43,cna med surg
Houston,per-diem-houston-tx,24.08,cna med surg
Houston Kingwood,per-diem-houston-kingwood-tx,25.61,cna med surg
Huber Heights,per-diem-huber-heights-oh,25.57,cna med surg
Hudson OH,per-diem-hudson-oh,25.47,cna med surg
Humble Iah / Airport Area,per-diem-humble-iah-airport-area-tx,25.68,cna med surg
Huntington Beach,per-diem-huntington-beach-ca,25.03,cna med surg
Huntsville,per-diem-huntsville-al,25.38,cna med surg
Huntsville TX,per-diem-huntsville-tx,23.55,cna med surg
Hutchinson,per-diem-hutchinson-ks,26.10,cna med surg
Idaho Falls,per-diem-idaho-falls-id,24.53,cna med surg
Independence MO,per-diem-independence-mo,23.77,cna med surg
Indianapolis,per-diem-indianapolis-in,24.08,cna med surg
Indianapolis Downtown,per-diem-indianapolis-downtown-in,25.23,cna med surg
Inland Empire,per-diem-inland-empire-ca,24.08,cna med surg
Inver Grove Heights,per-diem-inver-grove-heights-mn,25.64,cna med surg
Inverness,per-diem-inverness-fl,24.08,cna med surg
Issaquah,per-diem-issaquah-wa,23.55,cna med surg
Iva,per-diem-iva-sc,25.65,cna med surg
Jackson,per-diem-jackson-ms,24.08,cna med surg
Jacksonville,per-diem-jacksonville-nc,25.30,cna med surg
Jacksonville FL,per-diem-jacksonville-fl,23.77,cna med surg
Jay,per-diem-jay-fl,23.77,cna med surg
Jay,per-diem-jay-ok,24.53,cna med surg
Jefferson City,per-diem-jefferson-city-mo,25.92,cna med surg
Jeffersonville,per-diem-jeffersonville-in,25.95,cna med surg
Jersey City,per-diem-jersey-city-nj,23.77,cna med surg
Johns Creek,per-diem-johns-creek-ga,25.50,cna med surg
Johnston IA,per-diem-johnston-ia,25.53,cna med surg
Joliet,per-diem-joliet-il,25.93,cna med surg
Jonesboro,per-diem-jonesboro-ar,25.32,cna med surg
Joplin,per-diem-joplin-mo,25.14,cna med surg
Kansas City KS,per-diem-kansas-city-ks,24.01,cna med surg
Kansas City MO,per-diem-kansas-city-mo,23.77,cna med surg
Kenansville,per-diem-kenansville-nc,24.53,cna med surg
Kendall,per-diem-kendall-fl,25.68,cna med surg
Kendall West,per-diem-kendall-west-fl,25.94,cna med surg
Kennesaw,per-diem-kennesaw-ga,25.75,cna med surg
Kennewick,per-diem-kennewick-wa,25.43,cna med surg
Kent,per-diem-kent-oh,25.54,cna med surg
Kent,per-diem-kent-wa,25.95,cna med surg
Kirkland,per-diem-kirkland-wa,25.83,cna med surg
Knoxville,per-diem-knoxville-tn,25.95,cna med surg
La Grange Park,per-diem-la-grange-park-il,25.07,cna med surg
La Honda,per-diem-la-honda-ca,24.53,cna med surg
La Marque,per-diem-la-marque-tx,24.53,cna med surg
La Vergne,per-diem-la-vergne-tn,25.74,cna med surg
Lafayette,per-diem-lafayette-la,24.08,cna med surg
Lafayette CO,per-diem-lafayette-co,24.53,cna med surg
LaGrange,per-diem-lagrange-ga,25.61,cna med surg
Lake Charles,per-diem-lake-charles-la,25.99,cna med surg
Lake Magdalene,per-diem-lake-magdalene-fl,25.00,cna med surg
Lake Ridge,per-diem-lake-ridge-va,25.92,cna med surg
Lake Worth Beach,per-diem-lake-worth-beach-fl,25.65,cna med surg
Lakeside FL,per-diem-lakeside-fl,25.61,cna med surg
Lakeside TX,per-diem-lakeside-tx,24.53,cna med surg
Lakewood,per-diem-lakewood-co,24.53,cna med surg
Lakewood,per-diem-lakewood-wa,25.23,cna med surg
Lakewood Marston Slopes,per-diem-lakewood-marston-slopes-co,25.75,cna med surg
Lakewood Molholm/Two Creeks,per-diem-lakewood-molholm-two-creeks-co,25.78,cna med surg
Lancaster,per-diem-lancaster-ca,25.47,cna med surg
Lansdale,per-diem-lansdale-pa,25.92,cna med surg
Las Vegas,per-diem-las-vegas-nv,23.77,cna med surg
Lawrence,per-diem-lawrence-ks,25.61,cna med surg
Lawrenceville,per-diem-lawrenceville-ga,26.11,cna med surg
Lawton,per-diem-lawton-ok,25.55,cna med surg
Leavenworth,per-diem-leavenworth-ks,25.92,cna med surg
Leavenworth,per-diem-leavenworth-wa,25.03,cna med surg
Leawood,per-diem-leawood-ks,25.47,cna med surg
Lebanon,per-diem-lebanon-oh,25.61,cna med surg
Lebanon,per-diem-lebanon-tn,25.23,cna med surg
Lebanon City,per-diem-lebanon-city-pa,26.10,cna med surg
Lee's Summit,per-diem-lee-s-summit-mo,25.03,cna med surg
Lenexa,per-diem-lenexa-ks,25.23,cna med surg
Lenox,per-diem-lenox-ia,25.38,cna med surg
Lewiston ME,per-diem-lewiston-me,25.56,cna med surg
Lexington-Fayette,per-diem-lexington-fayette-ky,25.03,cna med surg
Liberty,per-diem-liberty-mo,25.61,cna med surg
Lima,per-diem-lima-oh,25.43,cna med surg
Lincolnshire IL,per-diem-lincolnshire-il,24.53,cna med surg
Lindon,per-diem-lindon-ut,23.77,cna med surg
Little Elm,per-diem-little-elm-tx,23.77,cna med surg
Little Rock,per-diem-little-rock-ar,25.57,cna med surg
Lorain,per-diem-lorain-oh,25.87,cna med surg
Los Angeles,per-diem-los-angeles-ca,23.77,cna med surg
Louisville KY,per-diem-louisville-ky,24.53,cna med surg
Louisville University,per-diem-louisville-university-ky,25.85,cna med surg
Lower Towamensing Township,per-diem-lower-towamensing-township-pa,25.66,cna med surg
Loxahatchee,per-diem-loxahatchee-fl,23.77,cna med surg
Lynchburg,per-diem-lynchburg-va,25.95,cna med surg
Lyons,per-diem-lyons-il,25.54,cna med surg
Mableton,per-diem-mableton-ga,25.74,cna med surg
Macon,per-diem-macon-ga,25.25,cna med surg
Madera,per-diem-madera-ca,24.01,cna med surg
Manalapan Township,per-diem-manalapan-township-nj,25.92,cna med surg
Manchester Township Whiting,per-diem-manchester-township-whiting-nj,25.41,cna med surg
Manhattan,per-diem-manhattan-ks,25.99,cna med surg
Mansfield,per-diem-mansfield-oh,26.00,cna med surg
Maple Grove,per-diem-maple-grove-mn,25.35,cna med surg
Maple Heights,per-diem-maple-heights-oh,25.44,cna med surg
Maquoketa,per-diem-maquoketa-ia,24.01,cna med surg
Marion,per-diem-marion-nc,23.59,cna med surg
Marion,per-diem-marion-oh,25.25,cna med surg
Marion IA,per-diem-marion-ia,25.64,cna med surg
Marshville,per-diem-marshville-nc,23.63,cna med surg
Martinez,per-diem-martinez-ca,28.04,cna med surg
Martinez GA,per-diem-martinez-ga,25.38,cna med surg
Mason,per-diem-mason-oh,25.50,cna med surg
Massillon,per-diem-massillon-oh,25.61,cna med surg
Matawan,per-diem-matawan-nj,25.96,cna med surg
Mayfield Heights,per-diem-mayfield-heights-oh,25.43,cna med surg
Mc Gregor TX,per-diem-mc-gregor-tx,24.08,cna med surg
McCormick,per-diem-mccormick-sc,25.23,cna med surg
McLean,per-diem-mclean-va,25.61,cna med surg
McMinnville,per-diem-mcminnville-or,23.77,cna med surg
Meadow Woods,per-diem-meadow-woods-fl,25.23,cna med surg
Mechanicsville,per-diem-mechanicsville-va,25.14,cna med surg
Medina,per-diem-medina-oh,25.99,cna med surg
Mehlville,per-diem-mehlville-mo,25.03,cna med surg
Memphis,per-diem-memphis-tn,25.59,cna med surg
Mentone,per-diem-mentone-ca,25.85,cna med surg
Mentor,per-diem-mentor-oh,25.35,cna med surg
Meridian,per-diem-meridian-id,24.53,cna med surg
Mesa,per-diem-mesa-az,23.77,cna med surg
Miami,per-diem-miami-fl,24.53,cna med surg
Miamisburg,per-diem-miamisburg-oh,25.54,cna med surg
Middle Township Cape May Court House,per-diem-middle-township-cape-may-court-house-nj,25.74,cna med surg
Middletown,per-diem-middletown-ct,25.03,cna med surg
Middletown,per-diem-middletown-de,25.50,cna med surg
Middletown,per-diem-middletown-oh,25.93,cna med surg
Miles City MT,per-diem-miles-city-mt,25.74,cna med surg
Milton,per-diem-milton-ga,25.61,cna med surg
Minneapolis,per-diem-minneapolis-mn,25.43,cna med surg
Missoula,per-diem-missoula-mt,25.74,cna med surg
Mobile,per-diem-mobile-al,25.61,cna med surg
Monroeville,per-diem-monroeville-pa,25.57,cna med surg
Montgomery,per-diem-montgomery-al,25.25,cna med surg
Morehead,per-diem-morehead-ky,25.14,cna med surg
Moreno Valley,per-diem-moreno-valley-ca,25.61,cna med surg
Mount Lebanon,per-diem-mount-lebanon-pa,26.13,cna med surg
Mount Pleasant,per-diem-mount-pleasant-sc,25.84,cna med surg
Mount Prospect,per-diem-mount-prospect-il,25.57,cna med surg
Mount Vernon,per-diem-mount-vernon-oh,25.23,cna med surg
Murfreesboro,per-diem-murfreesboro-tn,26.00,cna med surg
Muscatine,per-diem-muscatine-ia,25.96,cna med surg
Nampa,per-diem-nampa-id,23.77,cna med surg
Naperville,per-diem-naperville-il,25.38,cna med surg
Nashville,per-diem-nashville-tn,25.56,cna med surg
Nashville-Davidson,per-diem-nashville-davidson-tn,25.25,cna med surg
Nevada City,per-diem-nevada-city-ca,26.18,cna med surg
New Haven,per-diem-new-haven-ct,24.08,cna med surg
New Orleans,per-diem-new-orleans-la,24.08,cna med surg
New Providence,per-diem-new-providence-nj,25.61,cna med surg
New york,per-diem-new-york-ny,24.01,cna med surg
New York City,per-diem-new-york-city-ny,24.08,cna med surg
Newark,per-diem-newark-nj,23.77,cna med surg
Newark,per-diem-newark-oh,25.45,cna med surg
Newark DE,per-diem-newark-de,23.77,cna med surg
Newnan,per-diem-newnan-ga,25.03,cna med surg
Newport News,per-diem-newport-news-va,25.32,cna med surg
Norfolk,per-diem-norfolk-va,25.49,cna med surg
Norman OK,per-diem-norman-ok,24.08,cna med surg
Norristown,per-diem-norristown-pa,25.87,cna med surg
North Augusta,per-diem-north-augusta-sc,25.74,cna med surg
North Bethesda,per-diem-north-bethesda-md,25.96,cna med surg
North Charleston,per-diem-north-charleston-sc,24.08,cna med surg
North Fort Myers,per-diem-north-fort-myers-fl,25.74,cna med surg
North Huntingdon,per-diem-north-huntingdon-pa,26.00,cna med surg
North Las Vegas,per-diem-north-las-vegas-nv,24.08,cna med surg
North Lauderdale,per-diem-north-lauderdale-fl,25.99,cna med surg
North Liberty,per-diem-north-liberty-ia,25.93,cna med surg
North Little Rock,per-diem-north-little-rock-ar,25.85,cna med surg
North Olmsted,per-diem-north-olmsted-oh,23.24,cna med surg
North Ridgeville,per-diem-north-ridgeville-oh,25.78,cna med surg
North Royalton,per-diem-north-royalton-oh,25.61,cna med surg
Northwood,per-diem-northwood-ia,25.38,cna med surg
Norway Norway,per-diem-norway-norway-me,26.18,cna med surg
O'Fallon,per-diem-o-fallon-il,24.08,cna med surg
O'Fallon MO,per-diem-ofallon-mo,25.10,cna med surg
Oakville,per-diem-oakville-mo,25.95,cna med surg
Ocoee,per-diem-ocoee-fl,24.08,cna med surg
Odenton,per-diem-odenton-md,25.41,cna med surg
Oklahoma City,per-diem-oklahoma-city-ok,25.56,cna med surg
Oklahoma City Northwest Oklahoma City,per-diem-oklahoma-city-northwest-oklahoma-city-ok,25.54,cna med surg
Oklahoma City Rock Knoll,per-diem-oklahoma-city-rock-knoll-ok,25.68,cna med surg
Olathe,per-diem-olathe-ks,25.74,cna med surg
Old Jamestown,per-diem-old-jamestown-mo,26.11,cna med surg
Olive Branch,per-diem-olive-branch-ms,25.57,cna med surg
Olmito,per-diem-olmito-tx,23.24,cna med surg
Oregon OH,per-diem-oregon-oh,25.95,cna med surg
Orem,per-diem-orem-ut,24.08,cna med surg
Orem Orem Park,per-diem-orem-orem-park-ut,25.10,cna med surg
Orinda Claremont,per-diem-orinda-claremont-ca,25.75,cna med surg
Orlando FL,per-diem-orlando-fl,24.08,cna med surg
Osage,per-diem-osage-ia,25.67,cna med surg
Ottumwa,per-diem-ottumwa-ia,25.77,cna med surg
Overland Park,per-diem-overland-park-ks,25.03,cna med surg
Owensboro,per-diem-owensboro-ky,25.85,cna med surg
Oxford OH,per-diem-oxford-oh,25.68,cna med surg
Ozark,per-diem-ozark-mo,25.64,cna med surg
Painesville,per-diem-painesville-oh,25.10,cna med surg
Palmetto,per-diem-palmetto-fl,23.77,cna med surg
Paragould,per-diem-paragould-ar,25.23,cna med surg
Paris South Paris,per-diem-paris-south-paris-me,24.05,cna med surg
Park Forest IL,per-diem-park-forest-il,23.77,cna med surg
Parma,per-diem-parma-oh,25.77,cna med surg
Parma Heights,per-diem-parma-heights-oh,25.23,cna med surg
Pasadena,per-diem-pasadena-tx,24.53,cna med surg
Pascagoula,per-diem-pascagoula-ms,25.54,cna med surg
Paterson,per-diem-paterson-nj,24.08,cna med surg
Peachtree City,per-diem-peachtree-city-ga,25.23,cna med surg
Peachtree Corners,per-diem-peachtree-corners-ga,26.31,cna med surg
Penn Hills,per-diem-penn-hills-pa,25.61,cna med surg
Pensacola North Central Pensacola,per-diem-pensacola-north-central-pensacola-fl,25.65,cna med surg
Peoria IL,per-diem-peoria-il,23.77,cna med surg
Perrysburg,per-diem-perrysburg-oh,25.25,cna med surg
Philadelphia North Philadelphia,per-diem-philadelphia-north-philadelphia-pa,25.00,cna med surg
Philadelphia Northeast Philadelphia,per-diem-philadelphia-northeast-philadelphia-pa,26.00,cna med surg
Philadelphia PA,per-diem-philadelphia-pa,23.77,cna med surg
Phoenix,per-diem-phoenix-az,24.08,cna med surg
Phoenix Camelback East Village,per-diem-phoenix-camelback-east-village-az,25.41,cna med surg
Pickerington,per-diem-pickerington-oh,25.54,cna med surg
Pine Bluff,per-diem-pine-bluff-ar,25.95,cna med surg
Pine Hills,per-diem-pine-hills-fl,25.54,cna med surg
Piqua,per-diem-piqua-oh,25.99,cna med surg
Pittsburg,per-diem-pittsburg-ks,25.23,cna med surg
Pittsburgh PA,per-diem-pittsburgh-pa,25.56,cna med surg
Plantation City,per-diem-plantation-city-fl,25.47,cna med surg
Pocatello ID,per-diem-pocatello-id,23.77,cna med surg
Poinciana,per-diem-poinciana-fl,25.95,cna med surg
Port Saint Joe,per-diem-port-saint-joe-fl,24.08,cna med surg
Port St. Lucie,per-diem-port-st-lucie-fl,25.03,cna med surg
Portland,per-diem-portland-or,24.53,cna med surg
Portland ME,per-diem-portland-me,23.24,cna med surg
Portsmouth,per-diem-portsmouth-va,25.85,cna med surg
Prairie Village,per-diem-prairie-village-ks,25.03,cna med surg
Prairieville,per-diem-prairieville-la,25.14,cna med surg
Presidio,per-diem-presidio-tx,24.53,cna med surg
Princeton FL,per-diem-princeton-fl,25.85,cna med surg
Providence RI,per-diem-providence-ri,22.23,cna med surg
Provo,per-diem-provo-ut,23.77,cna med surg
Radcliff,per-diem-radcliff-ky,25.25,cna med surg
Radnor,per-diem-radnor-pa,25.38,cna med surg
Raleigh,per-diem-raleigh-nc,25.85,cna med surg
Raymore,per-diem-raymore-mo,25.32,cna med surg
Raytown,per-diem-raytown-mo,25.54,cna med surg
Reading City,per-diem-reading-city-pa,25.47,cna med surg
Redan,per-diem-redan-ga,25.85,cna med surg
Redlands South Redlands,per-diem-redlands-south-redlands-ca,25.61,cna med surg
Redmond,per-diem-redmond-wa,25.36,cna med surg
Reno,per-diem-reno-nv,22.23,cna med surg
Renton,per-diem-renton-wa,23.77,cna med surg
Reynoldsburg,per-diem-reynoldsburg-oh,25.66,cna med surg
Richmond,per-diem-richmond-ky,25.47,cna med surg
Richmond VA,per-diem-richmond-va,24.53,cna med surg
Ridgeland,per-diem-ridgeland-ms,25.03,cna med surg
Rio Grande City,per-diem-rio-grande-city-tx,24.08,cna med surg
Riverside OH,per-diem-riverside-oh,25.74,cna med surg
Roanoke,per-diem-roanoke-va,25.99,cna med surg
Rochester,per-diem-rochester-mn,25.37,cna med surg
Rochester city,per-diem-rochester-city-ny,25.54,cna med surg
Rock Hill,per-diem-rock-hill-sc,25.43,cna med surg
Rockford,per-diem-rockford-il,23.77,cna med surg
Rockville,per-diem-rockville-md,25.22,cna med surg
Rockwell,per-diem-rockwell-ia,25.61,cna med surg
Rocky Mount,per-diem-rocky-mount-nc,25.38,cna med surg
Rome GA,per-diem-rome-ga,25.54,cna med surg
Roseville,per-diem-roseville-mn,25.77,cna med surg
Ross township,per-diem-ross-township-pa,25.47,cna med surg
Roswell,per-diem-roswell-ga,25.92,cna med surg
Sacramento,per-diem-sacramento-ca,25.84,cna med surg
Safford,per-diem-safford-az,23.24,cna med surg
Saint Louis,per-diem-saint-louis-mo,23.77,cna med surg
Saint Petersburg,per-diem-saint-petersburg-fl,24.53,cna med surg
Salem,per-diem-salem-or,24.53,cna med surg
Salem West Salem,per-diem-salem-west-salem-or,25.49,cna med surg
Salinas,per-diem-salinas-ca,25.54,cna med surg
Salisbury,per-diem-salisbury-nc,25.64,cna med surg
Salt Lake City Sugar House,per-diem-salt-lake-city-sugar-house-ut,25.38,cna med surg
Salt Lake City UT,per-diem-salt-lake-city-ut,23.55,cna med surg
Saluda,per-diem-saluda-nc,24.78,cna med surg
Sammamish,per-diem-sammamish-wa,25.99,cna med surg
San Antonio,per-diem-san-antonio-tx,24.08,cna med surg
San Bernadino CA,per-diem-san-bernadino-ca,24.08,cna med surg
San Bernardino,per-diem-san-bernardino-ca,25.23,cna med surg
San Diego,per-diem-san-diego-ca,23.77,cna med surg
San Francisco,per-diem-san-francisco-ca,25.83,cna med surg
San Francisco Japantown,per-diem-san-francisco-japantown-ca,25.23,cna med surg
San Francisco Lone Mountain,per-diem-san-francisco-lone-mountain-ca,25.95,cna med surg
San Jose,per-diem-san-jose-ca,24.08,cna med surg
Sandpoint,per-diem-sandpoint-id,25.55,cna med surg
Sandusky,per-diem-sandusky-oh,25.59,cna med surg
Sandy Springs,per-diem-sandy-springs-ga,25.14,cna med surg
Sanford,per-diem-sanford-me,28.45,cna med surg
Santa Clarita,per-diem-santa-clarita-ca,25.99,cna med surg
Santaquin,per-diem-santaquin-ut,24.08,cna med surg
Saratoga Springs,per-diem-saratoga-springs-ut,25.43,cna med surg
Sarcoxie,per-diem-sarcoxie-mo,24.43,cna med surg
Savannah,per-diem-savannah-ga,23.77,cna med surg
Scotts Valley,per-diem-scotts-valley-ca,25.03,cna med surg
Scottsdale,per-diem-scottsdale-az,24.53,cna med surg
Scottsdale North Scottsdale,per-diem-scottsdale-north-scottsdale-az,25.22,cna med surg
Scranton,per-diem-scranton-pa,25.54,cna med surg
Seattle Fremont,per-diem-seattle-fremont-wa,25.57,cna med surg
Seattle WA,per-diem-seattle-wa,24.53,cna med surg
Security-Widefield,per-diem-security-widefield-co,25.03,cna med surg
Sedalia,per-diem-sedalia-mo,25.57,cna med surg
Severn,per-diem-severn-md,25.93,cna med surg
Sewell,per-diem-sewell-nj,23.77,cna med surg
Shaker Heights,per-diem-shaker-heights-oh,26.31,cna med surg
Shawnee,per-diem-shawnee-ks,25.54,cna med surg
Sheffield,per-diem-sheffield-ia,25.65,cna med surg
Sherman,per-diem-sherman-tx,24.53,cna med surg
Sherwood,per-diem-sherwood-ar,25.74,cna med surg
"Shreveport Caddo Heights, South Highlands",per-diem-shreveport-caddo-heights-south-highlands-la,25.85,cna med surg
Sidney OH,per-diem-sidney-oh,25.36,cna med surg
Silver Spring,per-diem-silver-spring-md-9791c,25.85,cna med surg
Simpsonville,per-diem-simpsonville-sc,25.47,cna med surg
Sioux City,per-diem-sioux-city-ia,24.01,cna med surg
Sioux Falls,per-diem-sioux-falls-sd,23.77,cna med surg
Slater-Marietta Marietta,per-diem-slater-marietta-marietta-sc,25.61,cna med surg
Smyrna GA,per-diem-smyrna-ga,25.25,cna med surg
Snow Hill,per-diem-snow-hill-md,24.39,cna med surg
Solon,per-diem-solon-oh,26.10,cna med surg
Sour Lake,per-diem-sour-lake-tx,23.77,cna med surg
South Bend,per-diem-south-bend-in,25.03,cna med surg
South Euclid,per-diem-south-euclid-oh,25.85,cna med surg
South Fulton,per-diem-south-fulton-ga,25.45,cna med surg
South Hill,per-diem-south-hill-wa,25.10,cna med surg
South Miami Heights,per-diem-south-miami-heights-fl,25.32,cna med surg
South Portland,per-diem-south-portland-me,23.77,cna med surg
Southaven,per-diem-southaven-ms,25.64,cna med surg
Southbury,per-diem-southbury-ct,26.10,cna med surg
Sparks,per-diem-sparks-nv,23.77,cna med surg
Spencer IA,per-diem-spencer-ia,23.77,cna med surg
Spokane,per-diem-spokane-wa,24.53,cna med surg
Spring,per-diem-spring-tx,24.53,cna med surg
Spring Valley,per-diem-spring-valley-nv,25.84,cna med surg
Springdale,per-diem-springdale-ar,25.49,cna med surg
Springfield,per-diem-springfield-mo,25.68,cna med surg
Springfield,per-diem-springfield-oh,25.96,cna med surg
St. Albans,per-diem-st-albans-wv,25.61,cna med surg
St. Charles,per-diem-st-charles-mo,25.43,cna med surg
St. Cloud,per-diem-st-cloud-fl,25.78,cna med surg
St. Joseph,per-diem-st-joseph-mo,25.36,cna med surg
St. Louis Park,per-diem-st-louis-park-mn,25.47,cna med surg
Stacyville,per-diem-stacyville-ia,25.65,cna med surg
Stamford,per-diem-stamford-ct,24.08,cna med surg
Statesboro,per-diem-statesboro-ga,25.99,cna med surg
Stonecrest,per-diem-stonecrest-ga,25.14,cna med surg
Stow,per-diem-stow-oh,25.74,cna med surg
Strongsville,per-diem-strongsville-oh,25.68,cna med surg
Suffolk,per-diem-suffolk-va,25.03,cna med surg
Sugar Land,per-diem-sugar-land-tx,24.08,cna med surg
Summerlin South,per-diem-summerlin-south-nv,25.23,cna med surg
Summit,per-diem-summit-nj,25.78,cna med surg
Syracuse IN,per-diem-syracuse-in,23.77,cna med surg
Syracuse NY,per-diem-syracuse-ny,24.08,cna med surg
Tacoma,per-diem-tacoma-wa,24.53,cna med surg
Tampa FL,per-diem-tampa-fl,24.53,cna med surg
Taylorsville,per-diem-taylorsville-ut,23.77,cna med surg
Temple TX,per-diem-temple-tx,24.53,cna med surg
Tenaha,per-diem-tenaha-tx,23.77,cna med surg
The Hammocks,per-diem-the-hammocks-fl,25.57,cna med surg
The Woodlands,per-diem-the-woodlands-tx,24.08,cna med surg
Toledo,per-diem-toledo-oh,25.64,cna med surg
Toledo Southwyck,per-diem-toledo-southwyck-oh,25.44,cna med surg
Tonawanda,per-diem-tonawanda-town-ny,25.43,cna med surg
Topeka,per-diem-topeka-ks,25.25,cna med surg
Topeka Southwest Topeka,per-diem-topeka-southwest-topeka-ks,24.43,cna med surg
Toppenish,per-diem-toppenish-wa,26.00,cna med surg
Town 'n' Country,per-diem-town-n-country-fl,25.32,cna med surg
Trexlertown,per-diem-trexlertown-pa,26.00,cna med surg
Tualatin Sherwood - Tualatin South,per-diem-tualatin-sherwood-tualatin-south-or,25.45,cna med surg
Tuckahoe,per-diem-tuckahoe-va,25.23,cna med surg
Tucker,per-diem-tucker-ga,26.00,cna med surg
Tucson,per-diem-tucson-az,24.08,cna med surg
Tulsa,per-diem-tulsa-ok,22.23,cna med surg
Tuscaloosa,per-diem-tuscaloosa-al,26.11,cna med surg
Union City,per-diem-union-city-nj,24.43,cna med surg
Union Gap,per-diem-union-gap-wa,25.30,cna med surg
University CDP,per-diem-university-cdp-fl,25.65,cna med surg
Upper Macungie,per-diem-upper-macungie-pa,25.50,cna med surg
Urbandale,per-diem-urbandale-ia,26.13,cna med surg
Vail AZ,per-diem-vail-az,24.08,cna med surg
Valdosta,per-diem-valdosta-ga,25.95,cna med surg
Vancouver WA,per-diem-vancouver-wa,24.08,cna med surg
Virginia Beach,per-diem-virginia-beach-va,25.57,cna med surg
Wall Township,per-diem-wall-township-nj,25.53,cna med surg
Warminster,per-diem-warminster-pa,25.53,cna med surg
Warner Robins,per-diem-warner-robins-ga,25.95,cna med surg
Warren,per-diem-warren-pa,24.08,cna med surg
Washington DC,per-diem-washington-dc,24.53,cna med surg
Waterbury,per-diem-waterbury-ct,25.95,cna med surg
Waterford,per-diem-waterford-ct,22.96,cna med surg
Waterloo,per-diem-waterloo-ia,24.53,cna med surg
Waterville,per-diem-waterville-me,24.08,cna med surg
Waukee,per-diem-waukee-ia,25.87,cna med surg
Wellsville,per-diem-wellsville-mo,25.35,cna med surg
West Burlington,per-diem-west-burlington-ia,24.53,cna med surg
West Hartford,per-diem-west-hartford-ct,26.00,cna med surg
West Jordan,per-diem-west-jordan-ut,24.08,cna med surg
West Lafayette,per-diem-west-lafayette-in,25.43,cna med surg
West Little River,per-diem-west-little-river-fl,25.64,cna med surg
West Memphis,per-diem-west-memphis-ar,25.68,cna med surg
West Sacramento,per-diem-west-sacramento-ca,25.74,cna med surg
West Union,per-diem-west-union-ia,24.08,cna med surg
West Valley City,per-diem-west-valley-city-ut,23.77,cna med surg
Westchester,per-diem-westchester-fl,25.43,cna med surg
Westerville,per-diem-westerville-oh,26.18,cna med surg
Westfield NJ,per-diem-westfield-nj,23.71,cna med surg
Westhampton,per-diem-westhampton-ny,23.55,cna med surg
Westlake,per-diem-westlake-oh,26.11,cna med surg
Wheat Ridge CO,per-diem-wheat-ridge-co,24.08,cna med surg
White Plains,per-diem-white-plains-ny,25.20,cna med surg
Whitehall,per-diem-whitehall-oh,25.84,cna med surg
Wichita,per-diem-wichita-ks,23.77,cna med surg
Wildwood,per-diem-wildwood-mo,25.23,cna med surg
Wilkes Barre,per-diem-wilkes-barre-pa,23.77,cna med surg
Williamsport,per-diem-williamsport-pa,25.40,cna med surg
Willoughby,per-diem-willoughby-oh,25.92,cna med surg
Wilmington DE,per-diem-wilmington-de,25.55,cna med surg
Wilson,per-diem-wilson-nc,25.41,cna med surg
Windham,per-diem-windham-me,25.43,cna med surg
Windsor CO,per-diem-windsor-co,23.77,cna med surg
Winslow,per-diem-winslow-az,24.01,cna med surg
Winston-Salem,per-diem-winston-salem-nc,25.66,cna med surg
Woodbridge,per-diem-woodbridge-va,23.77,cna med surg
Woodstock,per-diem-woodstock-ga,25.59,cna med surg
Xenia,per-diem-xenia-oh,26.00,cna med surg
Yarmouth,per-diem-yarmouth-me,25.59,cna med surg
Yazoo City,per-diem-yazoo-city-ms,24.53,cna med surg
Yelm,per-diem-yelm-wa,25.68,cna med surg
Yonkers,per-diem-yonkers-ny,26.31,cna med surg
York PA,per-diem-york-pa,23.77,cna med surg
Youngstown,per-diem-youngstown-oh,25.53,cna med surg
Yucca Valley,per-diem-yucca-valley-ca,24.43,cna med surg
Yuma AZ,per-diem-yuma-az,23.77,cna med surg
Zachary,per-diem-zachary-la,25.56,cna med surg
Zion,per-diem-zion-il,25.25,cna med surg
